"title","description","price","tag"
"Awesome Rubber Shirt","Andy shoes are designed to keeping in mind durability as well as trends, the most stylish range of shoes & sandals","421.00","Sleek"
"Oriental Frozen Chips","The Nagasaki Lander is the trademarked name of several series of Nagasaki sport bikes, that started with the 1984 ABC800J","878.00","Recycled"
"Tasty Fresh Car","The beautiful range of Apple Naturalé that has an exciting mix of natural ingredients. With the Goodness of 100% Natural Ingredients","113.00","Awesome"
"Handcrafted Steel Car","Andy shoes are designed to keeping in mind durability as well as trends, the most stylish range of shoes & sandals","401.00","Rustic"
"Modern Soft Salad","The Football Is Good For Training And Recreational Purposes","425.00","Awesome"
"Awesome Soft Gloves","The slim & simple Maple Gaming Keyboard from Dev Byte comes with a sleek body and 7- Color RGB LED Back-lighting for smart functionality","204.00","Elegant"
"Awesome Soft Chair","The beautiful range of Apple Naturalé that has an exciting mix of natural ingredients. With the Goodness of 100% Natural Ingredients","984.00","Oriental"
"Handmade Rubber Table","The Apollotech B340 is an affordable wireless mouse with reliable connectivity, 12 months battery life and modern design","792.00","Rustic"
"Licensed Granite Shirt","The slim & simple Maple Gaming Keyboard from Dev Byte comes with a sleek body and 7- Color RGB LED Back-lighting for smart functionality","928.00","Rustic"
"Licensed Plastic Chips","New range of formal shirts are designed keeping you in mind. With fits and styling that will make you stand apart","618.00","Gorgeous"
